,"code","continent","country","date","total_cases","new_cases","epiweek"
"1","NGA","Africa","Nigeria",2020-02-28,1,1,1
"2","NGA","Africa","Nigeria",2020-02-29,1,0,1
"3","NGA","Africa","Nigeria",2020-03-01,1,0,2
"4","NGA","Africa","Nigeria",2020-03-02,1,0,2
"5","NGA","Africa","Nigeria",2020-03-03,1,0,2
"6","NGA","Africa","Nigeria",2020-03-04,1,0,2
"7","NGA","Africa","Nigeria",2020-03-05,1,0,2
"8","NGA","Africa","Nigeria",2020-03-06,1,0,2
"9","NGA","Africa","Nigeria",2020-03-07,1,0,2
"10","NGA","Africa","Nigeria",2020-03-08,1,0,3
"11","NGA","Africa","Nigeria",2020-03-09,2,1,3
"12","NGA","Africa","Nigeria",2020-03-10,2,0,3
"13","NGA","Africa","Nigeria",2020-03-11,2,0,3
"14","NGA","Africa","Nigeria",2020-03-12,2,0,3
"15","NGA","Africa","Nigeria",2020-03-13,2,0,3
"16","NGA","Africa","Nigeria",2020-03-14,2,0,3
"17","NGA","Africa","Nigeria",2020-03-15,2,0,4
"18","NGA","Africa","Nigeria",2020-03-16,2,0,4
"19","NGA","Africa","Nigeria",2020-03-17,3,1,4
"20","NGA","Africa","Nigeria",2020-03-18,8,5,4
"21","NGA","Africa","Nigeria",2020-03-19,8,0,4
"22","NGA","Africa","Nigeria",2020-03-20,12,4,4
"23","NGA","Africa","Nigeria",2020-03-21,22,10,4
"24","NGA","Africa","Nigeria",2020-03-22,30,8,5
"25","NGA","Africa","Nigeria",2020-03-23,40,10,5
"26","NGA","Africa","Nigeria",2020-03-24,44,4,5
"27","NGA","Africa","Nigeria",2020-03-25,51,7,5
"28","NGA","Africa","Nigeria",2020-03-26,65,14,5
"29","NGA","Africa","Nigeria",2020-03-27,70,5,5
"30","NGA","Africa","Nigeria",2020-03-28,89,19,5
"31","NGA","Africa","Nigeria",2020-03-29,111,22,6
"32","NGA","Africa","Nigeria",2020-03-30,131,20,6
"33","NGA","Africa","Nigeria",2020-03-31,135,4,6
"34","NGA","Africa","Nigeria",2020-04-01,174,39,6
"35","NGA","Africa","Nigeria",2020-04-02,184,10,6
"36","NGA","Africa","Nigeria",2020-04-03,210,26,6
"37","NGA","Africa","Nigeria",2020-04-04,214,4,6
"38","NGA","Africa","Nigeria",2020-04-05,232,18,7
"39","NGA","Africa","Nigeria",2020-04-06,238,6,7
"40","NGA","Africa","Nigeria",2020-04-07,254,16,7
"41","NGA","Africa","Nigeria",2020-04-08,276,22,7
"42","NGA","Africa","Nigeria",2020-04-09,288,12,7
"43","NGA","Africa","Nigeria",2020-04-10,305,17,7
"44","NGA","Africa","Nigeria",2020-04-11,318,13,7
"45","NGA","Africa","Nigeria",2020-04-12,323,5,8
"46","NGA","Africa","Nigeria",2020-04-13,343,20,8
"47","NGA","Africa","Nigeria",2020-04-14,373,30,8
"48","NGA","Africa","Nigeria",2020-04-15,407,34,8
"49","NGA","Africa","Nigeria",2020-04-16,442,35,8
"50","NGA","Africa","Nigeria",2020-04-17,493,51,8
"51","NGA","Africa","Nigeria",2020-04-18,542,49,8
"52","NGA","Africa","Nigeria",2020-04-19,627,85,9
"53","NGA","Africa","Nigeria",2020-04-20,665,38,9
"54","NGA","Africa","Nigeria",2020-04-21,665,0,9
"55","NGA","Africa","Nigeria",2020-04-22,873,208,9
"56","NGA","Africa","Nigeria",2020-04-23,981,108,9
"57","NGA","Africa","Nigeria",2020-04-24,1095,114,9
"58","NGA","Africa","Nigeria",2020-04-25,1182,87,9
"59","NGA","Africa","Nigeria",2020-04-26,1273,91,10
"60","NGA","Africa","Nigeria",2020-04-27,1337,64,10
"61","NGA","Africa","Nigeria",2020-04-28,1532,195,10
"62","NGA","Africa","Nigeria",2020-04-29,1728,196,10
"63","NGA","Africa","Nigeria",2020-04-30,1932,204,10
"64","NGA","Africa","Nigeria",2020-05-01,2170,238,10
"65","NGA","Africa","Nigeria",2020-05-02,2388,218,10
"66","NGA","Africa","Nigeria",2020-05-03,2558,170,11
"67","NGA","Africa","Nigeria",2020-05-04,2802,244,11
"68","NGA","Africa","Nigeria",2020-05-05,2950,148,11
"69","NGA","Africa","Nigeria",2020-05-06,3145,195,11
"70","NGA","Africa","Nigeria",2020-05-07,3526,381,11
"71","NGA","Africa","Nigeria",2020-05-08,3912,386,11
"72","NGA","Africa","Nigeria",2020-05-09,4151,239,11
"73","NGA","Africa","Nigeria",2020-05-10,4399,248,12
"74","NGA","Africa","Nigeria",2020-05-11,4641,242,12
"75","NGA","Africa","Nigeria",2020-05-12,4787,146,12
"76","NGA","Africa","Nigeria",2020-05-13,4971,184,12
"77","NGA","Africa","Nigeria",2020-05-14,5162,191,12
"78","NGA","Africa","Nigeria",2020-05-15,5450,288,12
"79","NGA","Africa","Nigeria",2020-05-16,5621,171,12
"80","NGA","Africa","Nigeria",2020-05-17,5959,338,13
"81","NGA","Africa","Nigeria",2020-05-18,6175,216,13
"82","NGA","Africa","Nigeria",2020-05-19,6401,226,13
"83","NGA","Africa","Nigeria",2020-05-20,6677,276,13
"84","NGA","Africa","Nigeria",2020-05-21,7016,339,13
"85","NGA","Africa","Nigeria",2020-05-22,7261,245,13
"86","NGA","Africa","Nigeria",2020-05-23,7526,265,13
"87","NGA","Africa","Nigeria",2020-05-24,7839,313,14
"88","NGA","Africa","Nigeria",2020-05-25,8068,229,14
"89","NGA","Africa","Nigeria",2020-05-26,8344,276,14
"90","NGA","Africa","Nigeria",2020-05-27,8733,389,14
"91","NGA","Africa","Nigeria",2020-05-28,8915,182,14
"92","NGA","Africa","Nigeria",2020-05-29,9302,387,14
"93","NGA","Africa","Nigeria",2020-05-30,9855,553,14
"94","NGA","Africa","Nigeria",2020-05-31,10162,307,15
"95","NGA","Africa","Nigeria",2020-06-01,10578,416,15
"96","NGA","Africa","Nigeria",2020-06-02,10819,241,15
"97","NGA","Africa","Nigeria",2020-06-03,11166,347,15
"98","NGA","Africa","Nigeria",2020-06-04,11516,350,15
"99","NGA","Africa","Nigeria",2020-06-05,11844,328,15
"100","NGA","Africa","Nigeria",2020-06-06,12233,389,15
"101","NGA","Africa","Nigeria",2020-06-07,12486,253,16
"102","NGA","Africa","Nigeria",2020-06-08,12801,315,16
"103","NGA","Africa","Nigeria",2020-06-09,13464,663,16
"104","NGA","Africa","Nigeria",2020-06-10,13873,409,16
"105","NGA","Africa","Nigeria",2020-06-11,14554,681,16
"106","NGA","Africa","Nigeria",2020-06-12,15181,627,16
"107","NGA","Africa","Nigeria",2020-06-13,15682,501,16
"108","NGA","Africa","Nigeria",2020-06-14,16085,403,17
"109","NGA","Africa","Nigeria",2020-06-15,16658,573,17
"110","NGA","Africa","Nigeria",2020-06-16,17148,490,17
"111","NGA","Africa","Nigeria",2020-06-17,17735,587,17
"112","NGA","Africa","Nigeria",2020-06-18,18480,745,17
"113","NGA","Africa","Nigeria",2020-06-19,19147,667,17
"114","NGA","Africa","Nigeria",2020-06-20,19808,661,17
"115","NGA","Africa","Nigeria",2020-06-21,20244,436,18
"116","NGA","Africa","Nigeria",2020-06-22,20919,675,18
"117","NGA","Africa","Nigeria",2020-06-23,21371,452,18
"118","NGA","Africa","Nigeria",2020-06-24,22020,649,18
"119","NGA","Africa","Nigeria",2020-06-25,22614,594,18
"120","NGA","Africa","Nigeria",2020-06-26,23298,684,18
"121","NGA","Africa","Nigeria",2020-06-27,24077,779,18
"122","NGA","Africa","Nigeria",2020-06-28,24567,490,19
"123","NGA","Africa","Nigeria",2020-06-29,25133,566,19
"124","NGA","Africa","Nigeria",2020-06-30,25694,561,19
"125","NGA","Africa","Nigeria",2020-07-01,26484,790,19
"126","NGA","Africa","Nigeria",2020-07-02,27110,626,19
"127","NGA","Africa","Nigeria",2020-07-03,27564,454,19
"128","NGA","Africa","Nigeria",2020-07-04,28167,603,19
"129","NGA","Africa","Nigeria",2020-07-05,28711,544,20
"130","NGA","Africa","Nigeria",2020-07-06,29286,575,20
"131","NGA","Africa","Nigeria",2020-07-07,29789,503,20
"132","NGA","Africa","Nigeria",2020-07-08,30249,460,20
"133","NGA","Africa","Nigeria",2020-07-09,30748,499,20
"134","NGA","Africa","Nigeria",2020-07-10,31323,575,20
"135","NGA","Africa","Nigeria",2020-07-11,31987,664,20
"136","NGA","Africa","Nigeria",2020-07-12,32558,571,21
"137","NGA","Africa","Nigeria",2020-07-13,33153,595,21
"138","NGA","Africa","Nigeria",2020-07-14,33616,463,21
"139","NGA","Africa","Nigeria",2020-07-15,34259,643,21
"140","NGA","Africa","Nigeria",2020-07-16,34854,595,21
"141","NGA","Africa","Nigeria",2020-07-17,35454,600,21
"142","NGA","Africa","Nigeria",2020-07-18,36107,653,21
"143","NGA","Africa","Nigeria",2020-07-19,36663,556,22
"144","NGA","Africa","Nigeria",2020-07-20,37225,562,22
"145","NGA","Africa","Nigeria",2020-07-21,37801,576,22
"146","NGA","Africa","Nigeria",2020-07-22,38344,543,22
"147","NGA","Africa","Nigeria",2020-07-23,38948,604,22
"148","NGA","Africa","Nigeria",2020-07-24,39539,591,22
"149","NGA","Africa","Nigeria",2020-07-25,39977,438,22
"150","NGA","Africa","Nigeria",2020-07-26,40532,555,23
"151","NGA","Africa","Nigeria",2020-07-27,41180,648,23
"152","NGA","Africa","Nigeria",2020-07-28,41804,624,23
"153","NGA","Africa","Nigeria",2020-07-29,42208,404,23
"154","NGA","Africa","Nigeria",2020-07-30,42689,481,23
"155","NGA","Africa","Nigeria",2020-07-31,43151,462,23
"156","NGA","Africa","Nigeria",2020-08-01,43537,386,23
"157","NGA","Africa","Nigeria",2020-08-02,43841,304,24
"158","NGA","Africa","Nigeria",2020-08-03,44129,288,24
"159","NGA","Africa","Nigeria",2020-08-04,44433,304,24
"160","NGA","Africa","Nigeria",2020-08-05,44890,457,24
"161","NGA","Africa","Nigeria",2020-08-06,45244,354,24
"162","NGA","Africa","Nigeria",2020-08-07,45687,443,24
"163","NGA","Africa","Nigeria",2020-08-08,46140,453,24
"164","NGA","Africa","Nigeria",2020-08-09,46577,437,25
"165","NGA","Africa","Nigeria",2020-08-10,46867,290,25
"166","NGA","Africa","Nigeria",2020-08-11,47290,423,25
"167","NGA","Africa","Nigeria",2020-08-12,47743,453,25
"168","NGA","Africa","Nigeria",2020-08-13,48116,373,25
"169","NGA","Africa","Nigeria",2020-08-14,48445,329,25
"170","NGA","Africa","Nigeria",2020-08-15,48770,325,25
"171","NGA","Africa","Nigeria",2020-08-16,49068,298,26
"172","NGA","Africa","Nigeria",2020-08-17,49485,417,26
"173","NGA","Africa","Nigeria",2020-08-18,49895,410,26
"174","NGA","Africa","Nigeria",2020-08-19,50488,593,26
"175","NGA","Africa","Nigeria",2020-08-20,50964,476,26
"176","NGA","Africa","Nigeria",2020-08-21,51304,340,26
"177","NGA","Africa","Nigeria",2020-08-22,51905,601,26
"178","NGA","Africa","Nigeria",2020-08-23,52227,322,27
"179","NGA","Africa","Nigeria",2020-08-24,52548,321,27
"180","NGA","Africa","Nigeria",2020-08-25,52800,252,27
"181","NGA","Africa","Nigeria",2020-08-26,53021,221,27
"182","NGA","Africa","Nigeria",2020-08-27,53317,296,27
"183","NGA","Africa","Nigeria",2020-08-28,53477,160,27
"184","NGA","Africa","Nigeria",2020-08-29,53727,250,27
"185","NGA","Africa","Nigeria",2020-08-30,53865,138,28
"186","NGA","Africa","Nigeria",2020-08-31,54008,143,28
"187","NGA","Africa","Nigeria",2020-09-01,54247,239,28
"188","NGA","Africa","Nigeria",2020-09-02,54463,216,28
"189","NGA","Africa","Nigeria",2020-09-03,54588,125,28
"190","NGA","Africa","Nigeria",2020-09-04,54743,155,28
"191","NGA","Africa","Nigeria",2020-09-05,54905,162,28
"192","NGA","Africa","Nigeria",2020-09-06,55005,100,29
"193","NGA","Africa","Nigeria",2020-09-07,55160,155,29
"194","NGA","Africa","Nigeria",2020-09-08,55456,296,29
"195","NGA","Africa","Nigeria",2020-09-09,55632,176,29
"196","NGA","Africa","Nigeria",2020-09-10,55829,197,29
"197","NGA","Africa","Nigeria",2020-09-11,56017,188,29
"198","NGA","Africa","Nigeria",2020-09-12,56177,160,29
"199","NGA","Africa","Nigeria",2020-09-13,56256,79,30
"200","NGA","Africa","Nigeria",2020-09-14,56388,132,30
"201","NGA","Africa","Nigeria",2020-09-15,56478,90,30
"202","NGA","Africa","Nigeria",2020-09-16,56604,126,30
"203","NGA","Africa","Nigeria",2020-09-17,56735,131,30
"204","NGA","Africa","Nigeria",2020-09-18,56956,221,30
"205","NGA","Africa","Nigeria",2020-09-19,57145,189,30
"206","NGA","Africa","Nigeria",2020-09-20,57242,97,31
"207","NGA","Africa","Nigeria",2020-09-21,57437,195,31
"208","NGA","Africa","Nigeria",2020-09-22,57613,176,31
"209","NGA","Africa","Nigeria",2020-09-23,57724,111,31
"210","NGA","Africa","Nigeria",2020-09-24,57849,125,31
"211","NGA","Africa","Nigeria",2020-09-25,58062,213,31
"212","NGA","Africa","Nigeria",2020-09-26,58198,136,31
"213","NGA","Africa","Nigeria",2020-09-27,58324,126,32
"214","NGA","Africa","Nigeria",2020-09-28,58460,136,32
"215","NGA","Africa","Nigeria",2020-09-29,58647,187,32
"216","NGA","Africa","Nigeria",2020-09-30,58848,201,32
"217","NGA","Africa","Nigeria",2020-10-01,59001,153,32
"218","NGA","Africa","Nigeria",2020-10-02,59127,126,32
"219","NGA","Africa","Nigeria",2020-10-03,59287,160,32
"220","NGA","Africa","Nigeria",2020-10-04,59345,58,33
"221","NGA","Africa","Nigeria",2020-10-05,59465,120,33
"222","NGA","Africa","Nigeria",2020-10-06,59583,118,33
"223","NGA","Africa","Nigeria",2020-10-07,59738,155,33
"224","NGA","Africa","Nigeria",2020-10-08,59841,103,33
"225","NGA","Africa","Nigeria",2020-10-09,59992,151,33
"226","NGA","Africa","Nigeria",2020-10-10,60103,111,33
"227","NGA","Africa","Nigeria",2020-10-11,60266,163,34
"228","NGA","Africa","Nigeria",2020-10-12,60430,164,34
"229","NGA","Africa","Nigeria",2020-10-13,60655,225,34
"230","NGA","Africa","Nigeria",2020-10-14,60834,179,34
"231","NGA","Africa","Nigeria",2020-10-15,60982,148,34
"232","NGA","Africa","Nigeria",2020-10-16,61194,212,34
"233","NGA","Africa","Nigeria",2020-10-17,61307,113,34
"234","NGA","Africa","Nigeria",2020-10-18,61440,133,35
"235","NGA","Africa","Nigeria",2020-10-19,61558,118,35
"236","NGA","Africa","Nigeria",2020-10-20,61630,72,35
"237","NGA","Africa","Nigeria",2020-10-21,61667,37,35
"238","NGA","Africa","Nigeria",2020-10-22,61805,138,35
"239","NGA","Africa","Nigeria",2020-10-23,61882,77,35
"240","NGA","Africa","Nigeria",2020-10-24,61930,48,35
"241","NGA","Africa","Nigeria",2020-10-25,61992,62,36
"242","NGA","Africa","Nigeria",2020-10-26,62111,119,36
"243","NGA","Africa","Nigeria",2020-10-27,62224,113,36
"244","NGA","Africa","Nigeria",2020-10-28,62371,147,36
"245","NGA","Africa","Nigeria",2020-10-29,62521,150,36
"246","NGA","Africa","Nigeria",2020-10-30,62691,170,36
"247","NGA","Africa","Nigeria",2020-10-31,62853,162,36
"248","NGA","Africa","Nigeria",2020-11-01,62964,111,37
"249","NGA","Africa","Nigeria",2020-11-02,63036,72,37
"250","NGA","Africa","Nigeria",2020-11-03,63173,137,37
"251","NGA","Africa","Nigeria",2020-11-04,63328,155,37
"252","NGA","Africa","Nigeria",2020-11-05,63508,180,37
"253","NGA","Africa","Nigeria",2020-11-06,63731,223,37
"254","NGA","Africa","Nigeria",2020-11-07,63790,59,37
"255","NGA","Africa","Nigeria",2020-11-08,64090,300,38
"256","NGA","Africa","Nigeria",2020-11-09,64184,94,38
"257","NGA","Africa","Nigeria",2020-11-10,64336,152,38
"258","NGA","Africa","Nigeria",2020-11-11,64516,180,38
"259","NGA","Africa","Nigeria",2020-11-12,64728,212,38
"260","NGA","Africa","Nigeria",2020-11-13,64884,156,38
"261","NGA","Africa","Nigeria",2020-11-14,64996,112,38
"262","NGA","Africa","Nigeria",2020-11-15,65148,152,39
"263","NGA","Africa","Nigeria",2020-11-16,65305,157,39
"264","NGA","Africa","Nigeria",2020-11-17,65457,152,39
"265","NGA","Africa","Nigeria",2020-11-18,65693,236,39
"266","NGA","Africa","Nigeria",2020-11-19,65839,146,39
"267","NGA","Africa","Nigeria",2020-11-20,65982,143,39
"268","NGA","Africa","Nigeria",2020-11-21,66228,246,39
"269","NGA","Africa","Nigeria",2020-11-22,66383,155,40
"270","NGA","Africa","Nigeria",2020-11-23,66439,56,40
"271","NGA","Africa","Nigeria",2020-11-24,66607,168,40
"272","NGA","Africa","Nigeria",2020-11-25,66805,198,40
"273","NGA","Africa","Nigeria",2020-11-26,66974,169,40
"274","NGA","Africa","Nigeria",2020-11-27,67220,246,40
"275","NGA","Africa","Nigeria",2020-11-28,67330,110,40
"276","NGA","Africa","Nigeria",2020-11-29,67412,82,41
"277","NGA","Africa","Nigeria",2020-11-30,67557,145,41
"278","NGA","Africa","Nigeria",2020-12-01,67838,281,41
"279","NGA","Africa","Nigeria",2020-12-02,67960,122,41
"280","NGA","Africa","Nigeria",2020-12-03,68303,343,41
"281","NGA","Africa","Nigeria",2020-12-04,68627,324,41
"282","NGA","Africa","Nigeria",2020-12-05,68937,310,41
"283","NGA","Africa","Nigeria",2020-12-06,69255,318,42
"284","NGA","Africa","Nigeria",2020-12-07,69645,390,42
"285","NGA","Africa","Nigeria",2020-12-08,70195,550,42
"286","NGA","Africa","Nigeria",2020-12-09,70669,474,42
"287","NGA","Africa","Nigeria",2020-12-10,71344,675,42
"288","NGA","Africa","Nigeria",2020-12-11,72140,796,42
"289","NGA","Africa","Nigeria",2020-12-12,72757,617,42
"290","NGA","Africa","Nigeria",2020-12-13,73175,418,43
"291","NGA","Africa","Nigeria",2020-12-14,73374,199,43
"292","NGA","Africa","Nigeria",2020-12-15,74132,758,43
"293","NGA","Africa","Nigeria",2020-12-16,75062,930,43
"294","NGA","Africa","Nigeria",2020-12-17,76207,1145,43
"295","NGA","Africa","Nigeria",2020-12-18,77013,806,43
"296","NGA","Africa","Nigeria",2020-12-19,77933,920,43
"297","NGA","Africa","Nigeria",2020-12-20,78434,501,44
"298","NGA","Africa","Nigeria",2020-12-21,78790,356,44
"299","NGA","Africa","Nigeria",2020-12-22,79789,999,44
"300","NGA","Africa","Nigeria",2020-12-23,80922,1133,44
"301","NGA","Africa","Nigeria",2020-12-24,81963,1041,44
"302","NGA","Africa","Nigeria",2020-12-25,82747,784,44
"303","NGA","Africa","Nigeria",2020-12-26,83576,829,44
"304","NGA","Africa","Nigeria",2020-12-27,84414,838,45
"305","NGA","Africa","Nigeria",2020-12-28,84811,397,45
"306","NGA","Africa","Nigeria",2020-12-29,85560,749,45
"307","NGA","Africa","Nigeria",2020-12-30,86576,1016,45
"308","NGA","Africa","Nigeria",2020-12-31,87607,1031,45
"309","NGA","Africa","Nigeria",2021-01-01,88587,980,45
"310","NGA","Africa","Nigeria",2021-01-02,89163,576,45
"311","NGA","Africa","Nigeria",2021-01-03,90080,917,46
"312","NGA","Africa","Nigeria",2021-01-04,91351,1271,46
"313","NGA","Africa","Nigeria",2021-01-05,92705,1354,46
"314","NGA","Africa","Nigeria",2021-01-06,94369,1664,46
"315","NGA","Africa","Nigeria",2021-01-07,95934,1565,46
"316","NGA","Africa","Nigeria",2021-01-08,97478,1544,46
"317","NGA","Africa","Nigeria",2021-01-09,99063,1585,46
"318","NGA","Africa","Nigeria",2021-01-10,100087,1024,47
"319","NGA","Africa","Nigeria",2021-01-11,101331,1244,47
"320","NGA","Africa","Nigeria",2021-01-12,102601,1270,47
"321","NGA","Africa","Nigeria",2021-01-13,103999,1398,47
"322","NGA","Africa","Nigeria",2021-01-14,105478,1479,47
"323","NGA","Africa","Nigeria",2021-01-15,107345,1867,47
"324","NGA","Africa","Nigeria",2021-01-16,108943,1598,47
"325","NGA","Africa","Nigeria",2021-01-17,110387,1444,48
"326","NGA","Africa","Nigeria",2021-01-18,112004,1617,48
"327","NGA","Africa","Nigeria",2021-01-19,113305,1301,48
"328","NGA","Africa","Nigeria",2021-01-20,114691,1386,48
"329","NGA","Africa","Nigeria",2021-01-21,116655,1964,48
"330","NGA","Africa","Nigeria",2021-01-22,118138,1483,48
"331","NGA","Africa","Nigeria",2021-01-23,120602,2464,48
"332","NGA","Africa","Nigeria",2021-01-24,121566,964,49
"333","NGA","Africa","Nigeria",2021-01-25,122996,1430,49
"334","NGA","Africa","Nigeria",2021-01-26,124299,1303,49
"335","NGA","Africa","Nigeria",2021-01-27,126160,1861,49
"336","NGA","Africa","Nigeria",2021-01-28,127024,864,49
"337","NGA","Africa","Nigeria",2021-01-29,128674,1650,49
"338","NGA","Africa","Nigeria",2021-01-30,130557,1883,49
"339","NGA","Africa","Nigeria",2021-01-31,131242,685,50
"340","NGA","Africa","Nigeria",2021-02-01,131918,676,50
"341","NGA","Africa","Nigeria",2021-02-02,133552,1634,50
"342","NGA","Africa","Nigeria",2021-02-03,134690,1138,50
"343","NGA","Africa","Nigeria",2021-02-04,136030,1340,50
"344","NGA","Africa","Nigeria",2021-02-05,137654,1624,50
"345","NGA","Africa","Nigeria",2021-02-06,139242,1588,50
"346","NGA","Africa","Nigeria",2021-02-07,139748,506,51
"347","NGA","Africa","Nigeria",2021-02-08,140391,643,51
"348","NGA","Africa","Nigeria",2021-02-09,141447,1056,51
"349","NGA","Africa","Nigeria",2021-02-10,142578,1131,51
"350","NGA","Africa","Nigeria",2021-02-11,143516,938,51
"351","NGA","Africa","Nigeria",2021-02-12,144521,1005,51
"352","NGA","Africa","Nigeria",2021-02-13,145664,1143,51
"353","NGA","Africa","Nigeria",2021-02-14,146184,520,52
"354","NGA","Africa","Nigeria",2021-02-15,146928,744,52
"355","NGA","Africa","Nigeria",2021-02-16,148296,1368,52
"356","NGA","Africa","Nigeria",2021-02-17,149369,1073,52
"357","NGA","Africa","Nigeria",2021-02-18,150246,877,52
"358","NGA","Africa","Nigeria",2021-02-19,150908,662,52
"359","NGA","Africa","Nigeria",2021-02-20,151553,645,52
"360","NGA","Africa","Nigeria",2021-02-21,152074,521,53
"361","NGA","Africa","Nigeria",2021-02-22,152616,542,53
"362","NGA","Africa","Nigeria",2021-02-23,153187,571,53
"363","NGA","Africa","Nigeria",2021-02-24,153842,655,53
"364","NGA","Africa","Nigeria",2021-02-25,154476,634,53
"365","NGA","Africa","Nigeria",2021-02-26,155076,600,53
"366","NGA","Africa","Nigeria",2021-02-27,155417,341,53
"367","NGA","Africa","Nigeria",2021-02-28,155657,240,54
"368","NGA","Africa","Nigeria",2021-03-01,156017,360,54
"369","NGA","Africa","Nigeria",2021-03-02,156496,479,54
"370","NGA","Africa","Nigeria",2021-03-03,156960,464,54
"371","NGA","Africa","Nigeria",2021-03-04,157671,711,54
"372","NGA","Africa","Nigeria",2021-03-05,158042,371,54
"373","NGA","Africa","Nigeria",2021-03-06,158237,195,54
"374","NGA","Africa","Nigeria",2021-03-07,158506,269,55
"375","NGA","Africa","Nigeria",2021-03-08,158906,400,55
"376","NGA","Africa","Nigeria",2021-03-09,159252,346,55
"377","NGA","Africa","Nigeria",2021-03-10,159646,394,55
"378","NGA","Africa","Nigeria",2021-03-11,159933,287,55
"379","NGA","Africa","Nigeria",2021-03-12,160332,399,55
"380","NGA","Africa","Nigeria",2021-03-13,160537,205,55
"381","NGA","Africa","Nigeria",2021-03-14,160657,120,56
"382","NGA","Africa","Nigeria",2021-03-15,160895,238,56
"383","NGA","Africa","Nigeria",2021-03-16,161074,179,56
"384","NGA","Africa","Nigeria",2021-03-17,161261,187,56
"385","NGA","Africa","Nigeria",2021-03-18,161409,148,56
"386","NGA","Africa","Nigeria",2021-03-19,161539,130,56
"387","NGA","Africa","Nigeria",2021-03-20,161651,112,56
"388","NGA","Africa","Nigeria",2021-03-21,161737,86,57
"389","NGA","Africa","Nigeria",2021-03-22,161868,131,57
"390","NGA","Africa","Nigeria",2021-03-23,162076,208,57
"391","NGA","Africa","Nigeria",2021-03-24,162178,102,57
"392","NGA","Africa","Nigeria",2021-03-25,162275,97,57
"393","NGA","Africa","Nigeria",2021-03-26,162388,113,57
"394","NGA","Africa","Nigeria",2021-03-27,162489,101,57
"395","NGA","Africa","Nigeria",2021-03-28,162593,104,58
"396","NGA","Africa","Nigeria",2021-03-29,162641,48,58
"397","NGA","Africa","Nigeria",2021-03-30,162762,121,58
"398","NGA","Africa","Nigeria",2021-03-31,162891,129,58
"399","NGA","Africa","Nigeria",2021-04-01,162997,106,58
"400","NGA","Africa","Nigeria",2021-04-02,163063,66,58
"401","NGA","Africa","Nigeria",2021-04-03,163113,50,58
"402","NGA","Africa","Nigeria",2021-04-04,163195,82,59
"403","NGA","Africa","Nigeria",2021-04-05,163330,135,59
"404","NGA","Africa","Nigeria",2021-04-06,163388,58,59
"405","NGA","Africa","Nigeria",2021-04-07,163498,110,59
"406","NGA","Africa","Nigeria",2021-04-08,163581,83,59
"407","NGA","Africa","Nigeria",2021-04-09,163652,71,59
"408","NGA","Africa","Nigeria",2021-04-10,163736,84,59
"409","NGA","Africa","Nigeria",2021-04-11,163799,63,60
"410","NGA","Africa","Nigeria",2021-04-12,163837,38,60
"411","NGA","Africa","Nigeria",2021-04-13,163911,74,60
"412","NGA","Africa","Nigeria",2021-04-14,164000,89,60
"413","NGA","Africa","Nigeria",2021-04-15,164080,80,60
"414","NGA","Africa","Nigeria",2021-04-16,164147,67,60
"415","NGA","Africa","Nigeria",2021-04-17,164207,60,60
"416","NGA","Africa","Nigeria",2021-04-18,164233,26,61
"417","NGA","Africa","Nigeria",2021-04-19,164303,70,61
"418","NGA","Africa","Nigeria",2021-04-20,164423,120,61
"419","NGA","Africa","Nigeria",2021-04-21,164488,65,61
"420","NGA","Africa","Nigeria",2021-04-22,164588,100,61
"421","NGA","Africa","Nigeria",2021-04-23,164633,45,61
"422","NGA","Africa","Nigeria",2021-04-24,164684,51,61
"423","NGA","Africa","Nigeria",2021-04-25,164719,35,62
"424","NGA","Africa","Nigeria",2021-04-26,164756,37,62
"425","NGA","Africa","Nigeria",2021-04-27,164912,156,62
"426","NGA","Africa","Nigeria",2021-04-28,164993,81,62
"427","NGA","Africa","Nigeria",2021-04-29,165055,62,62
"428","NGA","Africa","Nigeria",2021-04-30,165110,55,62
"429","NGA","Africa","Nigeria",2021-05-01,165110,0,62
"430","NGA","Africa","Nigeria",2021-05-02,165153,43,63
"431","NGA","Africa","Nigeria",2021-05-03,165199,46,63
"432","NGA","Africa","Nigeria",2021-05-04,165215,16,63
"433","NGA","Africa","Nigeria",2021-05-05,165273,58,63
"434","NGA","Africa","Nigeria",2021-05-06,165301,28,63
"435","NGA","Africa","Nigeria",2021-05-07,165340,39,63
"436","NGA","Africa","Nigeria",2021-05-08,165370,30,63
"437","NGA","Africa","Nigeria",2021-05-09,165419,49,64
"438","NGA","Africa","Nigeria",2021-05-10,165468,49,64
"439","NGA","Africa","Nigeria",2021-05-11,165515,47,64
"440","NGA","Africa","Nigeria",2021-05-12,165559,44,64
"441","NGA","Africa","Nigeria",2021-05-13,165612,53,64
"442","NGA","Africa","Nigeria",2021-05-14,165661,49,64
"443","NGA","Africa","Nigeria",2021-05-15,165702,41,64
"444","NGA","Africa","Nigeria",2021-05-16,165709,7,65
"445","NGA","Africa","Nigeria",2021-05-17,165778,69,65
"446","NGA","Africa","Nigeria",2021-05-18,165778,0,65
"447","NGA","Africa","Nigeria",2021-05-19,165852,74,65
"448","NGA","Africa","Nigeria",2021-05-20,165901,49,65
"449","NGA","Africa","Nigeria",2021-05-21,165944,43,65
"450","NGA","Africa","Nigeria",2021-05-22,165979,35,65
"451","NGA","Africa","Nigeria",2021-05-23,166019,40,66
"452","NGA","Africa","Nigeria",2021-05-24,166061,42,66
"453","NGA","Africa","Nigeria",2021-05-25,166098,37,66
"454","NGA","Africa","Nigeria",2021-05-26,166146,48,66
"455","NGA","Africa","Nigeria",2021-05-27,166191,45,66
"456","NGA","Africa","Nigeria",2021-05-28,166254,63,66
"457","NGA","Africa","Nigeria",2021-05-29,166285,31,66
"458","NGA","Africa","Nigeria",2021-05-30,166315,30,67
"459","NGA","Africa","Nigeria",2021-05-31,166518,203,67
"460","NGA","Africa","Nigeria",2021-06-01,166534,16,67
"461","NGA","Africa","Nigeria",2021-06-02,166560,26,67
"462","NGA","Africa","Nigeria",2021-06-03,166682,122,67
"463","NGA","Africa","Nigeria",2021-06-04,166730,48,67
"464","NGA","Africa","Nigeria",2021-06-05,166756,26,67
"465","NGA","Africa","Nigeria",2021-06-06,166767,11,68
"466","NGA","Africa","Nigeria",2021-06-07,166816,49,68
"467","NGA","Africa","Nigeria",2021-06-08,166918,102,68
"468","NGA","Africa","Nigeria",2021-06-09,166982,64,68
"469","NGA","Africa","Nigeria",2021-06-10,166982,0,68
"470","NGA","Africa","Nigeria",2021-06-11,167051,69,68
"471","NGA","Africa","Nigeria",2021-06-12,167059,8,68
"472","NGA","Africa","Nigeria",2021-06-13,167066,7,69
"473","NGA","Africa","Nigeria",2021-06-14,167078,12,69
"474","NGA","Africa","Nigeria",2021-06-15,167095,17,69
"475","NGA","Africa","Nigeria",2021-06-16,167103,8,69
"476","NGA","Africa","Nigeria",2021-06-17,167142,39,69
"477","NGA","Africa","Nigeria",2021-06-18,167155,13,69
"478","NGA","Africa","Nigeria",2021-06-19,167206,51,69
"479","NGA","Africa","Nigeria",2021-06-20,167206,0,70
"480","NGA","Africa","Nigeria",2021-06-21,167292,86,70
"481","NGA","Africa","Nigeria",2021-06-22,167331,39,70
"482","NGA","Africa","Nigeria",2021-06-23,167375,44,70
"483","NGA","Africa","Nigeria",2021-06-24,167401,26,70
"484","NGA","Africa","Nigeria",2021-06-25,167430,29,70
"485","NGA","Africa","Nigeria",2021-06-26,167465,35,70
"486","NGA","Africa","Nigeria",2021-06-27,167467,2,71
"487","NGA","Africa","Nigeria",2021-06-28,167532,65,71
"488","NGA","Africa","Nigeria",2021-06-29,167543,11,71
"489","NGA","Africa","Nigeria",2021-06-30,167618,75,71
"490","NGA","Africa","Nigeria",2021-07-01,167692,74,71
"491","NGA","Africa","Nigeria",2021-07-02,167732,40,71
"492","NGA","Africa","Nigeria",2021-07-03,167803,71,71
"493","NGA","Africa","Nigeria",2021-07-04,167859,56,72
"494","NGA","Africa","Nigeria",2021-07-05,167909,50,72
"495","NGA","Africa","Nigeria",2021-07-06,168000,91,72
"496","NGA","Africa","Nigeria",2021-07-07,168110,110,72
"497","NGA","Africa","Nigeria",2021-07-08,168256,146,72
"498","NGA","Africa","Nigeria",2021-07-09,168442,186,72
"499","NGA","Africa","Nigeria",2021-07-10,168540,98,72
"500","NGA","Africa","Nigeria",2021-07-11,168552,12,73
"501","NGA","Africa","Nigeria",2021-07-12,168713,161,73
"502","NGA","Africa","Nigeria",2021-07-13,168867,154,73
"503","NGA","Africa","Nigeria",2021-07-14,168915,48,73
"504","NGA","Africa","Nigeria",2021-07-15,169074,159,73
"505","NGA","Africa","Nigeria",2021-07-16,169206,132,73
"506","NGA","Africa","Nigeria",2021-07-17,169329,123,73
"507","NGA","Africa","Nigeria",2021-07-18,169532,203,74
"508","NGA","Africa","Nigeria",2021-07-19,169678,146,74
"509","NGA","Africa","Nigeria",2021-07-20,169884,206,74
"510","NGA","Africa","Nigeria",2021-07-21,169884,0,74
"511","NGA","Africa","Nigeria",2021-07-22,170306,422,74
"512","NGA","Africa","Nigeria",2021-07-23,170306,0,74
"513","NGA","Africa","Nigeria",2021-07-24,170895,589,74
"514","NGA","Africa","Nigeria",2021-07-25,171111,216,75
"515","NGA","Africa","Nigeria",2021-07-26,171324,213,75
"516","NGA","Africa","Nigeria",2021-07-27,171728,404,75
"517","NGA","Africa","Nigeria",2021-07-28,172263,535,75
"518","NGA","Africa","Nigeria",2021-07-29,172821,558,75
"519","NGA","Africa","Nigeria",2021-07-30,173411,590,75
"520","NGA","Africa","Nigeria",2021-07-31,173908,497,75
"521","NGA","Africa","Nigeria",2021-08-01,174315,407,76
"522","NGA","Africa","Nigeria",2021-08-02,174759,444,76
"523","NGA","Africa","Nigeria",2021-08-03,175264,505,76
"524","NGA","Africa","Nigeria",2021-08-04,176011,747,76
"525","NGA","Africa","Nigeria",2021-08-05,176577,566,76
"526","NGA","Africa","Nigeria",2021-08-06,177142,565,76
"527","NGA","Africa","Nigeria",2021-08-07,177615,473,76
"528","NGA","Africa","Nigeria",2021-08-08,178086,471,77
"529","NGA","Africa","Nigeria",2021-08-09,178508,422,77
"530","NGA","Africa","Nigeria",2021-08-10,179118,610,77
"531","NGA","Africa","Nigeria",2021-08-11,179908,790,77
"532","NGA","Africa","Nigeria",2021-08-12,180661,753,77
"533","NGA","Africa","Nigeria",2021-08-13,181297,636,77
"534","NGA","Africa","Nigeria",2021-08-14,181962,665,77
"535","NGA","Africa","Nigeria",2021-08-15,182503,541,78
"536","NGA","Africa","Nigeria",2021-08-16,183087,584,78
"537","NGA","Africa","Nigeria",2021-08-17,183444,357,78
"538","NGA","Africa","Nigeria",2021-08-18,183444,0,78
"539","NGA","Africa","Nigeria",2021-08-19,185267,1823,78
"540","NGA","Africa","Nigeria",2021-08-20,185571,304,78
"541","NGA","Africa","Nigeria",2021-08-21,185571,0,78
"542","NGA","Africa","Nigeria",2021-08-22,187023,1452,79
"543","NGA","Africa","Nigeria",2021-08-23,187588,565,79
"544","NGA","Africa","Nigeria",2021-08-24,188243,655,79
"545","NGA","Africa","Nigeria",2021-08-25,188880,637,79
"546","NGA","Africa","Nigeria",2021-08-26,189715,835,79
"547","NGA","Africa","Nigeria",2021-08-27,190333,618,79
"548","NGA","Africa","Nigeria",2021-08-28,190983,650,79
"549","NGA","Africa","Nigeria",2021-08-29,191345,362,80
"550","NGA","Africa","Nigeria",2021-08-30,191805,460,80
"551","NGA","Africa","Nigeria",2021-08-31,192431,626,80
"552","NGA","Africa","Nigeria",2021-09-01,193013,582,80
"553","NGA","Africa","Nigeria",2021-09-02,193644,631,80
"554","NGA","Africa","Nigeria",2021-09-03,194088,444,80
"555","NGA","Africa","Nigeria",2021-09-04,195052,964,80
"556","NGA","Africa","Nigeria",2021-09-05,195511,459,81
"557","NGA","Africa","Nigeria",2021-09-06,195890,379,81
"558","NGA","Africa","Nigeria",2021-09-07,196487,597,81
"559","NGA","Africa","Nigeria",2021-09-08,197046,559,81
"560","NGA","Africa","Nigeria",2021-09-09,197773,727,81
"561","NGA","Africa","Nigeria",2021-09-10,198239,466,81
"562","NGA","Africa","Nigeria",2021-09-11,198786,547,81
"563","NGA","Africa","Nigeria",2021-09-12,199151,365,82
"564","NGA","Africa","Nigeria",2021-09-13,199538,387,82
"565","NGA","Africa","Nigeria",2021-09-14,200057,519,82
"566","NGA","Africa","Nigeria",2021-09-15,200356,299,82
"567","NGA","Africa","Nigeria",2021-09-16,200356,0,82
"568","NGA","Africa","Nigeria",2021-09-17,201294,938,82
"569","NGA","Africa","Nigeria",2021-09-18,201630,336,82
"570","NGA","Africa","Nigeria",2021-09-19,201798,168,83
"571","NGA","Africa","Nigeria",2021-09-20,202191,393,83
"572","NGA","Africa","Nigeria",2021-09-21,202704,513,83
"573","NGA","Africa","Nigeria",2021-09-22,203081,377,83
"574","NGA","Africa","Nigeria",2021-09-23,203514,433,83
"575","NGA","Africa","Nigeria",2021-09-24,203991,477,83
"576","NGA","Africa","Nigeria",2021-09-25,204201,210,83
"577","NGA","Africa","Nigeria",2021-09-26,204456,255,84
"578","NGA","Africa","Nigeria",2021-09-27,204752,296,84
"579","NGA","Africa","Nigeria",2021-09-28,205047,295,84
"580","NGA","Africa","Nigeria",2021-09-29,205484,437,84
"581","NGA","Africa","Nigeria",2021-09-30,205779,295,84
"582","NGA","Africa","Nigeria",2021-10-01,205940,161,84
"583","NGA","Africa","Nigeria",2021-10-02,206064,124,84
"584","NGA","Africa","Nigeria",2021-10-03,206138,74,85
"585","NGA","Africa","Nigeria",2021-10-04,206279,141,85
"586","NGA","Africa","Nigeria",2021-10-05,206561,282,85
"587","NGA","Africa","Nigeria",2021-10-06,206561,0,85
"588","NGA","Africa","Nigeria",2021-10-07,207167,606,85
"589","NGA","Africa","Nigeria",2021-10-08,207479,312,85
"590","NGA","Africa","Nigeria",2021-10-09,207618,139,85
"591","NGA","Africa","Nigeria",2021-10-10,207694,76,86
"592","NGA","Africa","Nigeria",2021-10-11,207978,284,86
"593","NGA","Africa","Nigeria",2021-10-12,207979,1,86
"594","NGA","Africa","Nigeria",2021-10-13,208404,425,86
"595","NGA","Africa","Nigeria",2021-10-14,208404,0,86
"596","NGA","Africa","Nigeria",2021-10-15,208797,393,86
"597","NGA","Africa","Nigeria",2021-10-16,209173,376,86
"598","NGA","Africa","Nigeria",2021-10-17,209298,125,87
"599","NGA","Africa","Nigeria",2021-10-18,209387,89,87
"600","NGA","Africa","Nigeria",2021-10-19,209546,159,87
"601","NGA","Africa","Nigeria",2021-10-20,209713,167,87
"602","NGA","Africa","Nigeria",2021-10-21,209960,247,87
"603","NGA","Africa","Nigeria",2021-10-22,210136,176,87
"604","NGA","Africa","Nigeria",2021-10-23,210295,159,87
"605","NGA","Africa","Nigeria",2021-10-24,210460,165,88
"606","NGA","Africa","Nigeria",2021-10-25,211171,711,88
"607","NGA","Africa","Nigeria",2021-10-26,211330,159,88
"608","NGA","Africa","Nigeria",2021-10-27,211496,166,88
"609","NGA","Africa","Nigeria",2021-10-28,211678,182,88
"610","NGA","Africa","Nigeria",2021-10-29,211798,120,88
"611","NGA","Africa","Nigeria",2021-10-30,211887,89,88
"612","NGA","Africa","Nigeria",2021-10-31,211961,74,89
"613","NGA","Africa","Nigeria",2021-11-01,212051,90,89
"614","NGA","Africa","Nigeria",2021-11-02,212150,99,89
"615","NGA","Africa","Nigeria",2021-11-03,212359,209,89
"616","NGA","Africa","Nigeria",2021-11-04,212446,87,89
"617","NGA","Africa","Nigeria",2021-11-05,212511,65,89
"618","NGA","Africa","Nigeria",2021-11-06,212627,116,89
"619","NGA","Africa","Nigeria",2021-11-07,212713,86,90
"620","NGA","Africa","Nigeria",2021-11-08,212765,52,90
"621","NGA","Africa","Nigeria",2021-11-09,212829,64,90
"622","NGA","Africa","Nigeria",2021-11-10,212894,65,90
"623","NGA","Africa","Nigeria",2021-11-11,212947,53,90
"624","NGA","Africa","Nigeria",2021-11-12,213076,129,90
"625","NGA","Africa","Nigeria",2021-11-13,213127,51,90
"626","NGA","Africa","Nigeria",2021-11-14,213147,20,91
"627","NGA","Africa","Nigeria",2021-11-15,213177,30,91
"628","NGA","Africa","Nigeria",2021-11-16,213177,0,91
"629","NGA","Africa","Nigeria",2021-11-17,213403,226,91
"630","NGA","Africa","Nigeria",2021-11-18,213464,61,91
"631","NGA","Africa","Nigeria",2021-11-19,213487,23,91
"632","NGA","Africa","Nigeria",2021-11-20,213532,45,91
"633","NGA","Africa","Nigeria",2021-11-21,213589,57,92
"634","NGA","Africa","Nigeria",2021-11-22,213589,0,92
"635","NGA","Africa","Nigeria",2021-11-23,213677,88,92
"636","NGA","Africa","Nigeria",2021-11-24,213677,0,92
"637","NGA","Africa","Nigeria",2021-11-25,213883,206,92
"638","NGA","Africa","Nigeria",2021-11-26,213883,0,92
"639","NGA","Africa","Nigeria",2021-11-27,213924,41,92
"640","NGA","Africa","Nigeria",2021-11-28,213982,58,93
"641","NGA","Africa","Nigeria",2021-11-29,214113,131,93
"642","NGA","Africa","Nigeria",2021-11-30,214218,105,93
"643","NGA","Africa","Nigeria",2021-12-01,214270,52,93
"644","NGA","Africa","Nigeria",2021-12-02,214270,0,93
"645","NGA","Africa","Nigeria",2021-12-03,214513,243,93
"646","NGA","Africa","Nigeria",2021-12-04,214567,54,93
"647","NGA","Africa","Nigeria",2021-12-05,214622,55,94
"648","NGA","Africa","Nigeria",2021-12-06,214789,167,94
"649","NGA","Africa","Nigeria",2021-12-07,214896,107,94
"650","NGA","Africa","Nigeria",2021-12-08,215164,268,94
"651","NGA","Africa","Nigeria",2021-12-09,215164,0,94
"652","NGA","Africa","Nigeria",2021-12-10,216451,1287,94
"653","NGA","Africa","Nigeria",2021-12-11,217063,612,94
"654","NGA","Africa","Nigeria",2021-12-12,217481,418,95
"655","NGA","Africa","Nigeria",2021-12-13,217481,0,95
"656","NGA","Africa","Nigeria",2021-12-14,218596,1115,95
"657","NGA","Africa","Nigeria",2021-12-15,220020,1424,95
"658","NGA","Africa","Nigeria",2021-12-16,221071,1051,95
"659","NGA","Africa","Nigeria",2021-12-17,222655,1584,95
"660","NGA","Africa","Nigeria",2021-12-18,222655,0,95
"661","NGA","Africa","Nigeria",2021-12-19,223483,828,96
"662","NGA","Africa","Nigeria",2021-12-20,225255,1772,96
"663","NGA","Africa","Nigeria",2021-12-21,225255,0,96
"664","NGA","Africa","Nigeria",2021-12-22,231413,6158,96
"665","NGA","Africa","Nigeria",2021-12-23,233353,1940,96
"666","NGA","Africa","Nigeria",2021-12-24,234709,1356,96
"667","NGA","Africa","Nigeria",2021-12-25,236014,1305,96
"668","NGA","Africa","Nigeria",2021-12-26,237561,1547,97
"669","NGA","Africa","Nigeria",2021-12-27,238420,859,97
"670","NGA","Africa","Nigeria",2021-12-28,239019,599,97
"671","NGA","Africa","Nigeria",2021-12-29,240387,1368,97
"672","NGA","Africa","Nigeria",2021-12-30,241513,1126,97
"673","NGA","Africa","Nigeria",2021-12-31,241513,0,97
"674","NGA","Africa","Nigeria",2022-01-01,242877,1364,97
